query,time
dohot-carml-se2de2se-0-RKKnatyx.net,91
dohot-carml-se2de2se-1-C1gbgaEM.net,312
dohot-carml-se2de2se-2-6ZBFwgzs.net,115
dohot-carml-se2de2se-3-7qsUvZaj.net,155
dohot-carml-se2de2se-4-VXcCgpJt.net,238
dohot-carml-se2de2se-5-yKGdsySp.net,165
dohot-carml-se2de2se-6-aX5By6jW.net,725
dohot-carml-se2de2se-7-Yhyhc9c2.net,144
dohot-carml-se2de2se-8-WCc2SP4E.net,167
dohot-carml-se2de2se-9-ZXWD4Kko.net,168
dohot-carml-se2de2se-10-frbjuJQ6.net,138
dohot-carml-se2de2se-11-Xr2mr7jK.net,107
dohot-carml-se2de2se-12-mLgfAKNn.net,86
dohot-carml-se2de2se-13-9vgoWHu9.net,182
dohot-carml-se2de2se-14-gINtTvp0.net,233
dohot-carml-se2de2se-15-LfAplAMw.net,215
dohot-carml-se2de2se-16-2Otj2iKD.net,118
dohot-carml-se2de2se-17-SkDOZrli.net,197
dohot-carml-se2de2se-18-hYK0XbvD.net,106
dohot-carml-se2de2se-19-k96b4J5t.net,188
dohot-carml-se2de2se-20-93xiRvGv.net,91
dohot-carml-se2de2se-21-ZMnkB37s.net,102
dohot-carml-se2de2se-22-zSJZPk6x.net,182
dohot-carml-se2de2se-23-vDxGxqmQ.net,201
dohot-carml-se2de2se-24-4twIPN1u.net,154
dohot-carml-se2de2se-25-yMW8OiDv.net,239
dohot-carml-se2de2se-26-IPznSeRd.net,118
dohot-carml-se2de2se-27-lceU0ntU.net,137
dohot-carml-se2de2se-28-Z3oCBcZE.net,146
dohot-carml-se2de2se-29-SBNqGDCn.net,142
dohot-carml-se2de2se-30-li3Uqiz2.net,110
dohot-carml-se2de2se-31-1nWZBF4Y.net,67
dohot-carml-se2de2se-32-9JUTGBcU.net,144
dohot-carml-se2de2se-33-lHngtEpq.net,166
dohot-carml-se2de2se-34-5XwtbUyX.net,124
dohot-carml-se2de2se-35-SpZzgiAw.net,208
dohot-carml-se2de2se-36-RXzjdMmw.net,207
dohot-carml-se2de2se-37-f37sVR6y.net,159
dohot-carml-se2de2se-38-uuIcBrmC.net,92
dohot-carml-se2de2se-39-KdQ97baY.net,110
dohot-carml-se2de2se-40-jm8GaVbt.net,142
dohot-carml-se2de2se-41-Q8Cbfp1y.net,243
dohot-carml-se2de2se-42-Eg0yd41E.net,197
dohot-carml-se2de2se-43-7FQyilRZ.net,195
dohot-carml-se2de2se-44-OIpvurs5.net,104
dohot-carml-se2de2se-45-cYNXq9Ks.net,1324
dohot-carml-se2de2se-46-yyAEbDI2.net,256
dohot-carml-se2de2se-47-6LI77O3s.net,131
dohot-carml-se2de2se-48-JZaObTP3.net,228
dohot-carml-se2de2se-49-Qwc1iIXu.net,183
dohot-carml-se2de2se-50-BVGNXGe2.net,86
dohot-carml-se2de2se-51-G8HwVidz.net,118
dohot-carml-se2de2se-52-e1da0Nr9.net,158
dohot-carml-se2de2se-53-YJIbsSw9.net,55
dohot-carml-se2de2se-54-a81dQpvc.net,126
dohot-carml-se2de2se-55-wXxn2kwa.net,56
dohot-carml-se2de2se-56-BYspyWpw.net,136
dohot-carml-se2de2se-57-2gYc6fxM.net,154
dohot-carml-se2de2se-58-VbsrkTQX.net,192
dohot-carml-se2de2se-59-wgU1u8PT.net,103
dohot-carml-se2de2se-60-zxz6sprb.net,88
dohot-carml-se2de2se-61-k1xfp9iO.net,109
dohot-carml-se2de2se-62-Qb9iWoLT.net,114
dohot-carml-se2de2se-63-CFEl7zW3.net,130
dohot-carml-se2de2se-64-HiMyZpBq.net,130
dohot-carml-se2de2se-65-8pIGZJj3.net,124
dohot-carml-se2de2se-66-cQKoeuk4.net,389
dohot-carml-se2de2se-67-yGVSsM5T.net,130
dohot-carml-se2de2se-68-1WVIlSP0.net,146
dohot-carml-se2de2se-69-8DKXk9PB.net,139
dohot-carml-se2de2se-70-gyeu2Czs.net,1379
dohot-carml-se2de2se-71-VSlb4ntM.net,213
dohot-carml-se2de2se-72-blkfzTDn.net,144
dohot-carml-se2de2se-73-CohXuQRH.net,127
dohot-carml-se2de2se-74-1rGcFQDs.net,125
dohot-carml-se2de2se-75-HNVe52fY.net,172
dohot-carml-se2de2se-76-7IZMR3TK.net,400
dohot-carml-se2de2se-77-yBPGcqAe.net,154
dohot-carml-se2de2se-78-WjAkCXvh.net,91
dohot-carml-se2de2se-79-jhct7nZz.net,152
dohot-carml-se2de2se-80-HpHDhQzW.net,225
dohot-carml-se2de2se-81-ZOuaAvyt.net,138
dohot-carml-se2de2se-82-ZDGGaV4q.net,234
dohot-carml-se2de2se-83-tuZnHk8m.net,200
dohot-carml-se2de2se-84-aRgm5k0T.net,107
dohot-carml-se2de2se-85-wmAM6eaY.net,237
dohot-carml-se2de2se-86-ODNhUglt.net,78
dohot-carml-se2de2se-87-7GGyoYme.net,128
dohot-carml-se2de2se-88-mU5jkiuB.net,167
dohot-carml-se2de2se-89-G2pF0oMA.net,211
dohot-carml-se2de2se-90-lp09RUFr.net,222
dohot-carml-se2de2se-91-DUfg0tgQ.net,113
dohot-carml-se2de2se-92-WgtTYFFE.net,80
dohot-carml-se2de2se-93-ssIeEYO8.net,153
dohot-carml-se2de2se-94-h2zRreC8.net,116
dohot-carml-se2de2se-95-KliC7nNn.net,118
dohot-carml-se2de2se-96-88KlsKOb.net,116
dohot-carml-se2de2se-97-Hr6fQS9n.net,139
dohot-carml-se2de2se-98-x95B4mbL.net,252
dohot-carml-se2de2se-99-EBVCrcPL.net,239
dohot-carml-se2de-0-HEJkNCXF.net,70
dohot-carml-se2de-1-Dtn77Aab.net,157
dohot-carml-se2de-2-vMfFDXPt.net,100
dohot-carml-se2de-3-n8v79vpi.net,77
dohot-carml-se2de-4-NzrXJleO.net,230
dohot-carml-se2de-5-xPDhuZ6a.net,97
dohot-carml-se2de-6-ucqN7ASQ.net,272
dohot-carml-se2de-7-1DIKWts2.net,57
dohot-carml-se2de-8-z158JinZ.net,52
dohot-carml-se2de-9-NH2lmDac.net,56
dohot-carml-se2de-10-eOGESs97.net,89
dohot-carml-se2de-11-diYGzk7N.net,99
dohot-carml-se2de-12-h4gz7OSR.net,64
dohot-carml-se2de-13-GWfVjtuv.net,85
dohot-carml-se2de-14-XgjYhNsw.net,67
dohot-carml-se2de-15-1TikxIlU.net,2205
dohot-carml-se2de-16-vm9WQbf3.net,80
dohot-carml-se2de-17-px0WAn4z.net,59
dohot-carml-se2de-18-rGf3K2nJ.net,59
dohot-carml-se2de-19-iWigUXCP.net,70
dohot-carml-se2de-20-OVLdyCBN.net,136
dohot-carml-se2de-21-cZA78m4O.net,86
dohot-carml-se2de-22-MZHXxDlB.net,84
dohot-carml-se2de-23-fVXVhHCg.net,89
dohot-carml-se2de-24-2ISuNv50.net,85
dohot-carml-se2de-25-7Ik1y5MG.net,87
dohot-carml-se2de-26-NNl3qBRW.net,49
dohot-carml-se2de-27-X6okcnV4.net,153
dohot-carml-se2de-28-itf3RlXe.net,129
dohot-carml-se2de-29-o0UZMZnc.net,52
dohot-carml-se2de-30-FBeETSQN.net,52
dohot-carml-se2de-31-aioqyHnp.net,128
dohot-carml-se2de-32-sxzUvrAe.net,166
dohot-carml-se2de-33-QLM1y13p.net,84
dohot-carml-se2de-34-CzFCDl2Z.net,121
dohot-carml-se2de-35-fXPta0Wr.net,123
dohot-carml-se2de-36-aN29I6Kg.net,130
dohot-carml-se2de-37-Q70Wzssa.net,42
dohot-carml-se2de-38-5BBnfD6Q.net,264
dohot-carml-se2de-39-gvWi2r0b.net,155
dohot-carml-se2de-40-WwcZHII2.net,71
dohot-carml-se2de-41-EayLYY0k.net,130
dohot-carml-se2de-42-4CKvBruU.net,63
dohot-carml-se2de-43-qpHfcZxV.net,84
dohot-carml-se2de-44-og6CLi4K.net,97
dohot-carml-se2de-45-1PLMwuOJ.net,146
dohot-carml-se2de-46-Y6C8JWdE.net,167
dohot-carml-se2de-47-6BN0MKz5.net,85
dohot-carml-se2de-48-mHVPaOXW.net,70
dohot-carml-se2de-49-X1Ekzxqd.net,81
dohot-carml-se2de-50-6TpXrkcg.net,285
dohot-carml-se2de-51-zXPu9kE1.net,100
dohot-carml-se2de-52-DnL6bc17.net,71
dohot-carml-se2de-53-W5Bybkju.net,71
dohot-carml-se2de-54-Logz43K5.net,214
dohot-carml-se2de-55-hySpWqcM.net,127
dohot-carml-se2de-56-Hu9ho8q4.net,292
dohot-carml-se2de-57-8CHIjHD6.net,73
dohot-carml-se2de-58-voOWMW8y.net,64
dohot-carml-se2de-59-twWrL8lS.net,107
dohot-carml-se2de-60-6xF5HoaB.net,107
dohot-carml-se2de-61-UAvdeBQW.net,130
dohot-carml-se2de-62-Mq7zarlA.net,99
dohot-carml-se2de-63-pfYwpYsT.net,95
dohot-carml-se2de-64-lvZfEDcq.net,53
dohot-carml-se2de-65-G3bf2NBF.net,95
dohot-carml-se2de-66-tPiXQdgw.net,102
dohot-carml-se2de-67-PAYnchMD.net,173
dohot-carml-se2de-68-xMNyZZxA.net,116
dohot-carml-se2de-69-W20COPzj.net,95
dohot-carml-se2de-70-uS8kFXph.net,110
dohot-carml-se2de-71-3c5vs2fa.net,242
dohot-carml-se2de-72-BB7ZHhMF.net,73
dohot-carml-se2de-73-Hvwj5E1w.net,61
dohot-carml-se2de-74-B92BZMNz.net,141
dohot-carml-se2de-75-4x21FZJH.net,49
dohot-carml-se2de-76-JUorZm4K.net,116
dohot-carml-se2de-77-7WUuBxMG.net,206
dohot-carml-se2de-78-Gjp4M2h5.net,48
dohot-carml-se2de-79-gCsl5gaK.net,71
dohot-carml-se2de-80-dcsJGBFJ.net,64
dohot-carml-se2de-81-tb5bmR6a.net,178
dohot-carml-se2de-82-p8o3FkOx.net,89
dohot-carml-se2de-83-8cht2V0M.net,80
dohot-carml-se2de-84-zHnC89hA.net,76
dohot-carml-se2de-85-a7zgCbAj.net,90
dohot-carml-se2de-86-NeDrn8OA.net,106
dohot-carml-se2de-87-VFpsSkqX.net,109
dohot-carml-se2de-88-eg8V5Hqb.net,163
dohot-carml-se2de-89-rjADgcAM.net,99
dohot-carml-se2de-90-XmrJPryp.net,48
dohot-carml-se2de-91-5t9p8kkr.net,104
dohot-carml-se2de-92-deAFtm0V.net,69
dohot-carml-se2de-93-BxscPOtO.net,42
dohot-carml-se2de-94-jwY7XNHb.net,108
dohot-carml-se2de-95-JyAUNlYj.net,102
dohot-carml-se2de-96-j3UObHvF.net,66
dohot-carml-se2de-97-RcJ91DY9.net,141
dohot-carml-se2de-98-AXncFY4O.net,51
dohot-carml-se2de-99-rVpBn7o1.net,45
dohot-carml-se2se2de-0-PEgOhPvn.net,712
dohot-carml-se2se2de-1-IEedbMCd.net,96
dohot-carml-se2se2de-2-lwTqO2vl.net,65
dohot-carml-se2se2de-3-uCZJMixm.net,340
dohot-carml-se2se2de-4-FbZKN6ZC.net,89
dohot-carml-se2se2de-5-sk7u6piU.net,102
dohot-carml-se2se2de-6-NoM041cR.net,165
dohot-carml-se2se2de-7-SRyqSlpo.net,65
dohot-carml-se2se2de-8-pPWVBX3p.net,91
dohot-carml-se2se2de-9-JaWP80Jb.net,61
dohot-carml-se2se2de-10-kVfR7Alh.net,135
dohot-carml-se2se2de-11-pMHZxgXC.net,556
dohot-carml-se2se2de-12-n10rMmJi.net,131
dohot-carml-se2se2de-13-frzxN8Pd.net,109
dohot-carml-se2se2de-14-ZBVgQr0o.net,111
dohot-carml-se2se2de-15-1yOjA9OC.net,92
dohot-carml-se2se2de-16-7rbG2f2X.net,102
dohot-carml-se2se2de-17-o5rLL1ge.net,90
dohot-carml-se2se2de-18-TjFgTFXf.net,158
dohot-carml-se2se2de-19-GC1Aihfd.net,174
dohot-carml-se2se2de-20-r7OTWbeZ.net,77
dohot-carml-se2se2de-21-Y9Eo8jJR.net,92
dohot-carml-se2se2de-22-dS4steUF.net,85
dohot-carml-se2se2de-23-LVyyKvG0.net,305
dohot-carml-se2se2de-24-TJsg3tJM.net,71
dohot-carml-se2se2de-25-ibl4rG0Z.net,306
dohot-carml-se2se2de-26-jkDtrHFi.net,57
dohot-carml-se2se2de-27-YPyGc4ZO.net,686
dohot-carml-se2se2de-28-9WSV90vR.net,95
dohot-carml-se2se2de-29-VAKHAKvZ.net,162
dohot-carml-se2se2de-30-Eb8aoNkA.net,77
dohot-carml-se2se2de-31-7kf3PRZb.net,102
dohot-carml-se2se2de-32-pcgYWcCq.net,179
dohot-carml-se2se2de-33-q3e6FW9r.net,154
dohot-carml-se2se2de-34-eiXrX2Xb.net,304
dohot-carml-se2se2de-35-OX7MOyFU.net,1125
dohot-carml-se2se2de-36-mabeg942.net,113
dohot-carml-se2se2de-37-JaKsdxPB.net,104
dohot-carml-se2se2de-38-Eq5JSy83.net,148
dohot-carml-se2se2de-39-fs9t9emI.net,66
dohot-carml-se2se2de-40-Phwu0R7s.net,232
dohot-carml-se2se2de-41-GyIFqCGW.net,87
dohot-carml-se2se2de-42-XVFJi9gC.net,199
dohot-carml-se2se2de-43-WmsTOuR4.net,133
dohot-carml-se2se2de-44-wlUJOVPE.net,217
dohot-carml-se2se2de-45-LB4TGhBK.net,81
dohot-carml-se2se2de-46-HvdKGD48.net,62
dohot-carml-se2se2de-47-9I4xQgJf.net,173
dohot-carml-se2se2de-48-WFACiUyQ.net,100
dohot-carml-se2se2de-49-fgjmlI0v.net,109
dohot-carml-se2se2de-50-oe8HUc2v.net,63
dohot-carml-se2se2de-51-rWFRLxAo.net,490
dohot-carml-se2se2de-52-HYhrCsfa.net,210
dohot-carml-se2se2de-53-AakOZPYU.net,85
dohot-carml-se2se2de-54-0vrZf5VV.net,106
dohot-carml-se2se2de-55-lvbtg6Dr.net,112
dohot-carml-se2se2de-56-DvV08eAw.net,112
dohot-carml-se2se2de-57-PcZd0KXN.net,176
dohot-carml-se2se2de-58-97iTR4Rf.net,139
dohot-carml-se2se2de-59-WHnTUNHj.net,133
dohot-carml-se2se2de-60-JRwEQn60.net,84
dohot-carml-se2se2de-61-noZwicvc.net,144
dohot-carml-se2se2de-62-nGfucIP7.net,200
dohot-carml-se2se2de-63-H642J1hL.net,44
dohot-carml-se2se2de-64-YkemveBc.net,92
dohot-carml-se2se2de-65-x7h7vKwH.net,77
dohot-carml-se2se2de-66-bsKKt8Ci.net,101
dohot-carml-se2se2de-67-dlNttp8A.net,142
dohot-carml-se2se2de-68-khcULOCD.net,138
dohot-carml-se2se2de-69-wkpNTbXl.net,115
dohot-carml-se2se2de-70-vf6zeCmt.net,125
dohot-carml-se2se2de-71-ODvuF9FI.net,138
dohot-carml-se2se2de-72-Zv5VQDCD.net,201
dohot-carml-se2se2de-73-KRcHeusu.net,173
dohot-carml-se2se2de-74-U0Q7JqVh.net,87
dohot-carml-se2se2de-75-539JJvEt.net,68
dohot-carml-se2se2de-76-7ADaO9KJ.net,130
dohot-carml-se2se2de-77-Eb03Zap9.net,109
dohot-carml-se2se2de-78-EgRUtreJ.net,133
dohot-carml-se2se2de-79-DHCWFjbg.net,380
dohot-carml-se2se2de-80-XCDAZAEZ.net,115
dohot-carml-se2se2de-81-dWujlaDv.net,324
dohot-carml-se2se2de-82-2k6m2qAV.net,156
dohot-carml-se2se2de-83-CHe41YEE.net,188
dohot-carml-se2se2de-84-KYaHVMQw.net,92
dohot-carml-se2se2de-85-WghMYNsW.net,112
dohot-carml-se2se2de-86-iZ974fkP.net,169
dohot-carml-se2se2de-87-oRGbPglG.net,61
dohot-carml-se2se2de-88-WaBHtMjZ.net,138
dohot-carml-se2se2de-89-PQQfVdwn.net,166
dohot-carml-se2se2de-90-NexGNPYg.net,203
dohot-carml-se2se2de-91-cLfLaaLx.net,95
dohot-carml-se2se2de-92-MEh0VJti.net,402
dohot-carml-se2se2de-93-zwrrRA7D.net,52
dohot-carml-se2se2de-94-gM9swH78.net,112
dohot-carml-se2se2de-95-jZFjRVAX.net,93
dohot-carml-se2se2de-96-qb8FlXrI.net,330
dohot-carml-se2se2de-97-yJfF6BtE.net,124
dohot-carml-se2se2de-98-zZgnbFyw.net,87
dohot-carml-se2se2de-99-YqAGqoCF.net,147
dohot-carml-se2se2se-0-QVodcOEu.net,68
dohot-carml-se2se2se-1-7Br7Xekr.net,221
dohot-carml-se2se2se-2-JgmZZBti.net,174
dohot-carml-se2se2se-3-bJvgTQJu.net,81
dohot-carml-se2se2se-4-Go1sohsY.net,109
dohot-carml-se2se2se-5-qEkS4kxU.net,73
dohot-carml-se2se2se-6-8D05bZP6.net,92
dohot-carml-se2se2se-7-GlfQ7Ovg.net,66
dohot-carml-se2se2se-8-WpxoOUCy.net,111
dohot-carml-se2se2se-9-z2eHwSuX.net,97
dohot-carml-se2se2se-10-09z861OF.net,88
dohot-carml-se2se2se-11-GHCZMbIy.net,79
dohot-carml-se2se2se-12-1zliT92d.net,227
dohot-carml-se2se2se-13-jHy2JX59.net,339
dohot-carml-se2se2se-14-Z98Z7Oec.net,103
dohot-carml-se2se2se-15-qZx2RzKr.net,139
dohot-carml-se2se2se-16-6HNm2K8A.net,166
dohot-carml-se2se2se-17-YLsIjMqY.net,130
dohot-carml-se2se2se-18-OmsD59JA.net,79
dohot-carml-se2se2se-19-gf03QRTR.net,105
dohot-carml-se2se2se-20-VbqyseA2.net,119
dohot-carml-se2se2se-21-VmttMBmp.net,82
dohot-carml-se2se2se-22-vfzSbgf7.net,232
dohot-carml-se2se2se-23-ybbJaoRN.net,142
dohot-carml-se2se2se-24-LGiv4yG6.net,55
dohot-carml-se2se2se-25-Swte0Q0T.net,92
dohot-carml-se2se2se-26-9wisdEr9.net,252
dohot-carml-se2se2se-27-h8cOcp9W.net,121
dohot-carml-se2se2se-28-BD7sifK8.net,64
dohot-carml-se2se2se-29-EQiobag7.net,50
dohot-carml-se2se2se-30-i3OtdUzH.net,153
dohot-carml-se2se2se-31-DZSqdqIP.net,51
dohot-carml-se2se2se-32-kcIKGrmW.net,61
dohot-carml-se2se2se-33-0NcvgeKz.net,107
dohot-carml-se2se2se-34-K06auAbu.net,158
dohot-carml-se2se2se-35-03NSf9n9.net,143
dohot-carml-se2se2se-36-gaJ3RRNE.net,89
dohot-carml-se2se2se-37-1W4DgBrk.net,65
dohot-carml-se2se2se-38-QZZ5kTtd.net,113
dohot-carml-se2se2se-39-Yy2PSF6n.net,63
dohot-carml-se2se2se-40-3X368qIa.net,108
dohot-carml-se2se2se-41-6CEBoWfy.net,100
dohot-carml-se2se2se-42-ObbNpa0d.net,47
dohot-carml-se2se2se-43-U0riG28I.net,150
dohot-carml-se2se2se-44-WgGp5SU5.net,84
dohot-carml-se2se2se-45-zDoSvZhz.net,108
dohot-carml-se2se2se-46-8K0wW98E.net,73
dohot-carml-se2se2se-47-MPe4Wk6w.net,111
dohot-carml-se2se2se-48-zHi9BvB5.net,122
dohot-carml-se2se2se-49-AG29kmm6.net,64
dohot-carml-se2se2se-50-8j5HnwV4.net,116
dohot-carml-se2se2se-51-OWmJaKmU.net,115
dohot-carml-se2se2se-52-NtLJGlDC.net,92
dohot-carml-se2se2se-53-oas4s3Pv.net,222
dohot-carml-se2se2se-54-NYi6w7db.net,150
dohot-carml-se2se2se-55-EME7Q8S3.net,58
dohot-carml-se2se2se-56-CLPt6rrl.net,303
dohot-carml-se2se2se-57-4qwuSZ9x.net,225
dohot-carml-se2se2se-58-7Oa9bW1m.net,168
dohot-carml-se2se2se-59-I0PKkV2p.net,116
dohot-carml-se2se2se-60-U68nNXjR.net,267
dohot-carml-se2se2se-61-NahLunvG.net,89
dohot-carml-se2se2se-62-wzF1iJhZ.net,78
dohot-carml-se2se2se-63-PzH7mSDQ.net,105
dohot-carml-se2se2se-64-2H2l4R2p.net,108
dohot-carml-se2se2se-65-bRBwDlw6.net,109
dohot-carml-se2se2se-66-x2JPYkyV.net,260
dohot-carml-se2se2se-67-re8AHm9F.net,107
dohot-carml-se2se2se-68-tJUznHn2.net,95
dohot-carml-se2se2se-69-Wy5fsQKv.net,54
dohot-carml-se2se2se-70-ALWX6nuH.net,56
dohot-carml-se2se2se-71-QRfJMeE9.net,44
dohot-carml-se2se2se-72-YlWONPxT.net,69
dohot-carml-se2se2se-73-DyEhF9eG.net,97
dohot-carml-se2se2se-74-ANP7DY5L.net,111
dohot-carml-se2se2se-75-0P8raimB.net,66
dohot-carml-se2se2se-76-hQnMkgYp.net,120
dohot-carml-se2se2se-77-S2UHs2zU.net,130
dohot-carml-se2se2se-78-T58pEZoM.net,153
dohot-carml-se2se2se-79-qAHYwPsY.net,83
dohot-carml-se2se2se-80-OJOZqEp2.net,68
dohot-carml-se2se2se-81-yfXvS4Nz.net,111
dohot-carml-se2se2se-82-wBwWbDz2.net,73
dohot-carml-se2se2se-83-hVLttZKB.net,49
dohot-carml-se2se2se-84-p4IMHJlk.net,106
dohot-carml-se2se2se-85-ocZlpegN.net,208
dohot-carml-se2se2se-86-HQe5oa1V.net,100
dohot-carml-se2se2se-87-X2yRrxSh.net,224
dohot-carml-se2se2se-88-6cr659am.net,50
dohot-carml-se2se2se-89-hTMD6L9m.net,62
dohot-carml-se2se2se-90-L4PK9GGo.net,81
dohot-carml-se2se2se-91-t3STYjuW.net,69
dohot-carml-se2se2se-92-7ohIqhiH.net,103
dohot-carml-se2se2se-93-yLyIVdD6.net,83
dohot-carml-se2se2se-94-BoAE9R3L.net,45
dohot-carml-se2se2se-95-zyqGnCxP.net,80
dohot-carml-se2se2se-96-lBnkF3pN.net,286
dohot-carml-se2se2se-97-tFhUCYL0.net,67
dohot-carml-se2se2se-98-uJo4f7JZ.net,68
dohot-carml-se2se2se-99-vBxZo6Tl.net,58
dohot-carml-se2se-0-oAHZaUvQ.net,82
dohot-carml-se2se-1-cGXcwUTr.net,115
dohot-carml-se2se-2-ZQrTiEeB.net,49
dohot-carml-se2se-3-wvrT9hhY.net,60
dohot-carml-se2se-4-1TqMu5Yx.net,55
dohot-carml-se2se-5-nuM9hTDX.net,101
dohot-carml-se2se-6-5ulD8tLb.net,104
dohot-carml-se2se-7-jYipcsJs.net,84
dohot-carml-se2se-8-HZ5icFug.net,191
dohot-carml-se2se-9-AyXON81i.net,258
dohot-carml-se2se-10-Qz88EhMY.net,271
dohot-carml-se2se-11-RGEVKlax.net,53
dohot-carml-se2se-12-hOp7jRFM.net,64
dohot-carml-se2se-13-D8exn9fB.net,164
dohot-carml-se2se-14-ObIEYN73.net,64
dohot-carml-se2se-15-kbTkvVfE.net,93
dohot-carml-se2se-16-RIdkKwTR.net,106
dohot-carml-se2se-17-nCpfAWB0.net,102
dohot-carml-se2se-18-0LIk3aZn.net,123
dohot-carml-se2se-19-5i50Lue6.net,97
dohot-carml-se2se-20-GxGTogGU.net,69
dohot-carml-se2se-21-CCcsax2j.net,108
dohot-carml-se2se-22-na4BZ1Va.net,46
dohot-carml-se2se-23-abyXpHPe.net,205
dohot-carml-se2se-24-5jVH6i5c.net,46
dohot-carml-se2se-25-qhYTaOte.net,60
dohot-carml-se2se-26-0g2T7f2H.net,185
dohot-carml-se2se-27-Y6WSXn4L.net,83
dohot-carml-se2se-28-dV4DmDHz.net,34
dohot-carml-se2se-29-DlC2qGBH.net,109
dohot-carml-se2se-30-wjSo3IeW.net,97
dohot-carml-se2se-31-BBGES9Ly.net,99
dohot-carml-se2se-32-iz4DaK6i.net,135
dohot-carml-se2se-33-1r4HhaOT.net,156
dohot-carml-se2se-34-cU1RIiCX.net,120
dohot-carml-se2se-35-ELCwSqig.net,62
dohot-carml-se2se-36-44aIm0F5.net,45
dohot-carml-se2se-37-51aY7Td8.net,103
dohot-carml-se2se-38-AxFqdN9f.net,70
dohot-carml-se2se-39-20aZDsXA.net,295
dohot-carml-se2se-40-voYNZ5QK.net,172
dohot-carml-se2se-41-fEfNBdU0.net,63
dohot-carml-se2se-42-ew6cxLfd.net,99
dohot-carml-se2se-43-zOpsXh4O.net,102
dohot-carml-se2se-44-mHli3n8a.net,57
dohot-carml-se2se-45-uVDXV9uC.net,141
dohot-carml-se2se-46-BeGvBLMN.net,323
dohot-carml-se2se-47-PXoeDQ4V.net,62
dohot-carml-se2se-48-l9nQgSuH.net,129
dohot-carml-se2se-49-o1sukzxt.net,48
dohot-carml-se2se-50-tNquRuKu.net,68
dohot-carml-se2se-51-mC4Xu7Qd.net,71
dohot-carml-se2se-52-IHXKWq0V.net,160
dohot-carml-se2se-53-nMwih4nC.net,99
dohot-carml-se2se-54-W51heZ78.net,92
dohot-carml-se2se-55-iEUf2MLZ.net,61
dohot-carml-se2se-56-LFCK20gJ.net,46
dohot-carml-se2se-57-jHcXNRUU.net,93
dohot-carml-se2se-58-3fQzMD3m.net,60
dohot-carml-se2se-59-I32r3Gwr.net,68
dohot-carml-se2se-60-uEdcYBtt.net,97
dohot-carml-se2se-61-IMw9Sijm.net,185
dohot-carml-se2se-62-Oq302zIF.net,138
dohot-carml-se2se-63-tWrum26Y.net,365
dohot-carml-se2se-64-zCzlyTMM.net,101
dohot-carml-se2se-65-TBuwdjyq.net,89
dohot-carml-se2se-66-jBoQ8B9t.net,87
dohot-carml-se2se-67-osutQCCB.net,269
dohot-carml-se2se-68-CYUDQsRc.net,154
dohot-carml-se2se-69-HP2ZWPd7.net,212
dohot-carml-se2se-70-iVDAjb6F.net,186
dohot-carml-se2se-71-vXf6BvXV.net,49
dohot-carml-se2se-72-rCiayaYe.net,47
dohot-carml-se2se-73-BE03nG29.net,45
dohot-carml-se2se-74-vDEjLpJA.net,135
dohot-carml-se2se-75-tfFeMYqa.net,107
dohot-carml-se2se-76-pY4r1FLG.net,46
dohot-carml-se2se-77-WJViKAWU.net,49
dohot-carml-se2se-78-fKZzct7n.net,502
dohot-carml-se2se-79-RoYobJR7.net,101
dohot-carml-se2se-80-KqHhpb5I.net,115
dohot-carml-se2se-81-XVMGMffr.net,215
dohot-carml-se2se-82-CKxstWDH.net,177
dohot-carml-se2se-83-YPjseYjI.net,43
dohot-carml-se2se-84-GWSz9plB.net,94
dohot-carml-se2se-85-aVnUUObI.net,78
dohot-carml-se2se-86-jw1dT3EZ.net,56
dohot-carml-se2se-87-WgGNWgrr.net,53
dohot-carml-se2se-88-rVl1NR8L.net,84
dohot-carml-se2se-89-EmkGwXYY.net,44
dohot-carml-se2se-90-YZntYysN.net,69
dohot-carml-se2se-91-zYoqvtba.net,160
dohot-carml-se2se-92-jkW4wnib.net,97
dohot-carml-se2se-93-WVLFiFU0.net,110
dohot-carml-se2se-94-szHgaEvp.net,90
dohot-carml-se2se-95-S9IsHjxh.net,44
dohot-carml-se2se-96-F3lh1jDD.net,128
dohot-carml-se2se-97-2QquRY7B.net,47
dohot-carml-se2se-98-kU1kvI5x.net,57
dohot-carml-se2se-99-eq4pEfri.net,44
dohot-carml-threehops-0-b9SU0bmS.net,109
dohot-carml-threehops-1-FVaB0xB4.net,132
dohot-carml-threehops-2-zGccEBSi.net,166
dohot-carml-threehops-3-MJNhEzb6.net,99
dohot-carml-threehops-4-Gy1qGdS1.net,252
dohot-carml-threehops-5-HqDmCBsw.net,206
dohot-carml-threehops-6-vYUbkX4s.net,405
dohot-carml-threehops-7-tz9ABX83.net,158
dohot-carml-threehops-8-L5nXXxX3.net,370
dohot-carml-threehops-9-2GPUd8A9.net,360
dohot-carml-threehops-10-qGmXj9YI.net,355
dohot-carml-threehops-11-whxlIzgO.net,288
dohot-carml-threehops-12-DWASbRoE.net,291
dohot-carml-threehops-13-OZOq2qvO.net,96
dohot-carml-threehops-14-Hwhf4tOS.net,586
dohot-carml-threehops-15-HTOBnEmL.net,108
dohot-carml-threehops-16-b2ya0px3.net,347
dohot-carml-threehops-17-dhPt6F1h.net,258
dohot-carml-threehops-18-Z79GHzZM.net,253
dohot-carml-threehops-19-lpH4T1gr.net,262
dohot-carml-threehops-20-nEdCny0L.net,113
dohot-carml-threehops-21-PtXocCZG.net,117
dohot-carml-threehops-22-gZZwOCER.net,178
dohot-carml-threehops-23-qcQ6Vihh.net,621
dohot-carml-threehops-24-zZVyMDi4.net,357
dohot-carml-threehops-25-GtY5VaEN.net,348
dohot-carml-threehops-26-fXCFx4aV.net,239
dohot-carml-threehops-27-wh0YjDuO.net,245
dohot-carml-threehops-28-7ILjD75B.net,276
dohot-carml-threehops-29-PH50HKHV.net,509
dohot-carml-threehops-30-dJsmH7Hv.net,684
dohot-carml-threehops-31-2lLGsgQy.net,167
dohot-carml-threehops-32-W3xW7ybE.net,642
dohot-carml-threehops-33-1WfwiFiO.net,74
dohot-carml-threehops-34-Tyu1r5U5.net,136
dohot-carml-threehops-35-GF7MFmEF.net,3342
dohot-carml-threehops-36-KDMDuZsE.net,116
dohot-carml-threehops-37-ydaHU8L0.net,384
dohot-carml-threehops-38-1ffb34eG.net,530
dohot-carml-threehops-39-F5LUMDNH.net,310
dohot-carml-threehops-40-WtfOvSiV.net,731
dohot-carml-threehops-41-D0bVFCSr.net,500
dohot-carml-threehops-42-mh2695vM.net,684
dohot-carml-threehops-43-zMVha4lF.net,531
dohot-carml-threehops-44-g4fJ8sp8.net,517
dohot-carml-threehops-45-pPbgsC27.net,334
dohot-carml-threehops-46-gI2NxiKN.net,70
dohot-carml-threehops-47-TqHXd3Qh.net,213
dohot-carml-threehops-48-mfjpoJSJ.net,302
dohot-carml-threehops-49-5713g7SI.net,330
dohot-carml-threehops-50-0AHyMXRi.net,97
dohot-carml-threehops-51-c17S8pkw.net,184
dohot-carml-threehops-52-8VjIWV1c.net,138
dohot-carml-threehops-53-ONsODNT2.net,417
dohot-carml-threehops-54-KT35roeY.net,308
dohot-carml-threehops-55-dvAhh3bp.net,458
dohot-carml-threehops-56-Z7DmfWdt.net,144
dohot-carml-threehops-57-M0Kks8GJ.net,396
dohot-carml-threehops-58-XUXWIkEA.net,157
dohot-carml-threehops-59-r6ZNyGyn.net,148
dohot-carml-threehops-60-V3YYOk2S.net,226
dohot-carml-threehops-61-b3vLDNmk.net,142
dohot-carml-threehops-62-DV7RYgxe.net,778
dohot-carml-threehops-63-Gu7EvEgN.net,128
dohot-carml-threehops-64-4aij8a3G.net,167
dohot-carml-threehops-65-b42OuEse.net,433
dohot-carml-threehops-66-42NfV7M4.net,485
dohot-carml-threehops-67-lYw89QtX.net,140
dohot-carml-threehops-68-AuOJHbs2.net,128
dohot-carml-threehops-69-2snMD8MZ.net,112
dohot-carml-threehops-70-Wco0yXOC.net,216
dohot-carml-threehops-71-RUbPyY8Q.net,402
dohot-carml-threehops-72-kjLB1IRL.net,308
dohot-carml-threehops-73-BPbCpSNl.net,335
dohot-carml-threehops-74-2lomXNza.net,524
dohot-carml-threehops-75-0QOYr2PS.net,256
dohot-carml-threehops-76-3Blr50RE.net,404
dohot-carml-threehops-77-IRSe2Nr3.net,175
dohot-carml-threehops-78-ShpKV285.net,249
dohot-carml-threehops-79-6s3YPEWW.net,525
dohot-carml-threehops-80-hsy9oAxD.net,78
dohot-carml-threehops-81-OdtCmW8o.net,158
dohot-carml-threehops-82-ohCQOJmb.net,173
dohot-carml-threehops-83-gfEir5rk.net,367
dohot-carml-threehops-84-R9DKqYjz.net,377
dohot-carml-threehops-85-nvKmGJJh.net,148
dohot-carml-threehops-86-3WEAswbR.net,251
dohot-carml-threehops-87-DhXhqgNQ.net,882
dohot-carml-threehops-88-T8mYNpUr.net,221
dohot-carml-threehops-89-ZIYppp4N.net,427
dohot-carml-threehops-90-YxlXNFxO.net,554
dohot-carml-threehops-91-6PdNhpAr.net,381
dohot-carml-threehops-92-FlZvBF1z.net,272
dohot-carml-threehops-93-Oe5iDoz5.net,315
dohot-carml-threehops-94-jXYuaAJ5.net,759
dohot-carml-threehops-95-L92FjOD8.net,382
dohot-carml-threehops-96-pBeEvCip.net,124
dohot-carml-threehops-97-gmHGovAv.net,366
dohot-carml-threehops-98-gfvfaHiE.net,463
dohot-carml-threehops-99-bBXqzm30.net,93
dohot-carml-twohops-0-oEJTI75t.net,315
dohot-carml-twohops-1-p2bs3vE8.net,209
dohot-carml-twohops-2-KdmO2Vdq.net,212
dohot-carml-twohops-3-HAjThG9s.net,156
dohot-carml-twohops-4-uZZCSBzg.net,63
dohot-carml-twohops-5-jCaEQGWJ.net,300
dohot-carml-twohops-6-8ZXouw6e.net,56
dohot-carml-twohops-7-t4nQnEan.net,66
dohot-carml-twohops-8-AEMrZ0JN.net,198
dohot-carml-twohops-9-fcWxM7E3.net,312
dohot-carml-twohops-10-BPPwQIdU.net,375
dohot-carml-twohops-11-hpIEPyav.net,625
dohot-carml-twohops-12-gVvV770g.net,147
dohot-carml-twohops-13-psdGWthn.net,166
dohot-carml-twohops-14-7m4OKTIm.net,111
dohot-carml-twohops-15-J3NUd9wq.net,178
dohot-carml-twohops-16-WksJK5MA.net,229
dohot-carml-twohops-17-OzxkLMJ7.net,109
dohot-carml-twohops-18-XHIHCCkd.net,218
dohot-carml-twohops-19-YnvMBN88.net,235
dohot-carml-twohops-20-t4I9DVoo.net,188
dohot-carml-twohops-21-7dW7Z1WD.net,215
dohot-carml-twohops-22-HUI0rMDu.net,80
dohot-carml-twohops-23-PdErGq5b.net,161
dohot-carml-twohops-24-PC5MPjAK.net,121
dohot-carml-twohops-25-bpWV7Kbz.net,150
dohot-carml-twohops-26-AdgX9FEk.net,151
dohot-carml-twohops-27-0fc4R5um.net,183
dohot-carml-twohops-28-2g2ieWng.net,291
dohot-carml-twohops-29-QKxrXpSn.net,251
dohot-carml-twohops-30-02M1Fyel.net,316
dohot-carml-twohops-31-xv97HMmX.net,664
dohot-carml-twohops-32-ZLnKBuoL.net,227
dohot-carml-twohops-33-0v0WNLXV.net,143
dohot-carml-twohops-34-A0WG27Wq.net,305
dohot-carml-twohops-35-qnHIfkTe.net,141
dohot-carml-twohops-36-AphRAM18.net,118
dohot-carml-twohops-37-RopLX2jL.net,229
dohot-carml-twohops-38-WdKfRsB1.net,233
dohot-carml-twohops-39-getaZhrd.net,203
dohot-carml-twohops-40-uM9WcYPc.net,95
dohot-carml-twohops-41-kYKHefkb.net,342
dohot-carml-twohops-42-j10fMz22.net,348
dohot-carml-twohops-43-VcvUvHjz.net,118
dohot-carml-twohops-44-K1gS36Bk.net,193
dohot-carml-twohops-45-dZdnmQJJ.net,255
dohot-carml-twohops-46-NicyudyW.net,158
dohot-carml-twohops-47-b5VF47l2.net,692
dohot-carml-twohops-48-TZQcLVcm.net,97
dohot-carml-twohops-49-VRtbeVfb.net,457
dohot-carml-twohops-50-O1oW4MKm.net,560
dohot-carml-twohops-51-5ucisr8K.net,85
dohot-carml-twohops-52-QF29Jatq.net,64
dohot-carml-twohops-53-BU8gYIBb.net,72
dohot-carml-twohops-54-691zBAhq.net,290
dohot-carml-twohops-55-AxIuz2w2.net,368
dohot-carml-twohops-56-bySY6cpz.net,220
dohot-carml-twohops-57-u4oVj8VN.net,180
dohot-carml-twohops-58-XuXXANXP.net,341
dohot-carml-twohops-59-RFbfpzYU.net,100
dohot-carml-twohops-60-azmxFikf.net,222
dohot-carml-twohops-61-U4Da4F3b.net,75
dohot-carml-twohops-62-W7xAuQ2d.net,267
dohot-carml-twohops-63-VdktXtvR.net,225
dohot-carml-twohops-64-JNgfFGVK.net,173
dohot-carml-twohops-65-fc6FVlrz.net,201
dohot-carml-twohops-66-iT4MrM5d.net,287
dohot-carml-twohops-67-e8n2CMnv.net,99
dohot-carml-twohops-68-JsPn1mWm.net,156
dohot-carml-twohops-69-H4Udz53N.net,102
dohot-carml-twohops-70-2JY5gIUP.net,339
dohot-carml-twohops-71-gwqBHBDB.net,261
dohot-carml-twohops-72-m47MYVCv.net,1086
dohot-carml-twohops-73-w6ECmvx4.net,294
dohot-carml-twohops-74-mfX0oP9M.net,197
dohot-carml-twohops-75-nqLyxxCQ.net,207
dohot-carml-twohops-76-AeI6qWgF.net,596
dohot-carml-twohops-77-taLZIpid.net,82
dohot-carml-twohops-78-CedvP081.net,126
dohot-carml-twohops-79-0r8IIlwZ.net,286
dohot-carml-twohops-80-kYEXiCvu.net,162
dohot-carml-twohops-81-75g8Pqsu.net,149
dohot-carml-twohops-82-7MjkFu7u.net,108
dohot-carml-twohops-83-GmjLpAZk.net,220
dohot-carml-twohops-84-vyF74tmX.net,76
dohot-carml-twohops-85-6UWE1Jev.net,92
dohot-carml-twohops-86-6Z1BM7Wa.net,217
dohot-carml-twohops-87-nWaioHn1.net,132
dohot-carml-twohops-88-lpXpQifF.net,125
dohot-carml-twohops-89-uF6P8fnE.net,112
dohot-carml-twohops-90-LH5CJOyi.net,163
dohot-carml-twohops-91-UPE3Vbhw.net,55
dohot-carml-twohops-92-iwC85alv.net,99
dohot-carml-twohops-93-amH1Pwu0.net,464
dohot-carml-twohops-94-W5T6NNQG.net,407
dohot-carml-twohops-95-SS0NXQMf.net,173
dohot-carml-twohops-96-XWxGtchk.net,145
dohot-carml-twohops-97-YvjHB1BY.net,227
dohot-carml-twohops-98-xX9eca6O.net,235
dohot-carml-twohops-99-tDFsC6CE.net,120
dohot-torrc-default-0-uXeVSlrk.net,179
dohot-torrc-default-1-Ri6UQIiU.net,222
dohot-torrc-default-2-M8sBKbwf.net,167
dohot-torrc-default-3-kK6gCYmE.net,110
dohot-torrc-default-4-Ywi3wAff.net,145
dohot-torrc-default-5-dVIvhkwi.net,137
dohot-torrc-default-6-uMsU0PkT.net,151
dohot-torrc-default-7-fXGTDVU6.net,102
dohot-torrc-default-8-JjGob5Lb.net,162
dohot-torrc-default-9-k3OPtwr4.net,281
dohot-torrc-default-10-bMZkQZsh.net,212
dohot-torrc-default-11-jrViGaYa.net,109
dohot-torrc-default-12-o6dpZWkS.net,121
dohot-torrc-default-13-BnzkzvxB.net,586
dohot-torrc-default-14-KU8fUdRK.net,358
dohot-torrc-default-15-eEvcEeOH.net,120
dohot-torrc-default-16-3Rccn1Gd.net,247
dohot-torrc-default-17-0tOzL23e.net,205
dohot-torrc-default-18-9ThZMUdj.net,164
dohot-torrc-default-19-XDpToDGK.net,132
dohot-torrc-default-20-aFmUSlAj.net,345
dohot-torrc-default-21-QBygKQ4S.net,186
dohot-torrc-default-22-awrCqNan.net,76
dohot-torrc-default-23-iXfC4ggN.net,161
dohot-torrc-default-24-YYjG3GSc.net,136
dohot-torrc-default-25-26P0XjeR.net,145
dohot-torrc-default-26-dA8MOhJT.net,117
dohot-torrc-default-27-UohvjING.net,101
dohot-torrc-default-28-6KIusEa2.net,108
dohot-torrc-default-29-LpvRll1z.net,119
dohot-torrc-default-30-YKndrwsw.net,168
dohot-torrc-default-31-Wy0vOTBe.net,139
dohot-torrc-default-32-6txdxlFM.net,95
dohot-torrc-default-33-7x1JappY.net,104
dohot-torrc-default-34-0NmTwR9R.net,300
dohot-torrc-default-35-an4tywGt.net,206
dohot-torrc-default-36-xcbJPt1R.net,118
dohot-torrc-default-37-B5m69Lnx.net,207
dohot-torrc-default-38-tGd5xwcD.net,218
dohot-torrc-default-39-he2l0XFj.net,230
dohot-torrc-default-40-XLlYrtNE.net,175
dohot-torrc-default-41-Iasdv1iE.net,179
dohot-torrc-default-42-y0Ah7Suu.net,154
dohot-torrc-default-43-ZPlfxgT7.net,114
dohot-torrc-default-44-c5WjUlaT.net,121
dohot-torrc-default-45-NATOnZ8o.net,218
dohot-torrc-default-46-PYuJqm5p.net,233
dohot-torrc-default-47-1qa1NVi5.net,431
dohot-torrc-default-48-DSNd40e5.net,95
dohot-torrc-default-49-MwLZUvYn.net,145
dohot-torrc-default-50-LXhu0ZoV.net,145
dohot-torrc-default-51-dcUBtfPs.net,485
dohot-torrc-default-52-ua67b7em.net,148
dohot-torrc-default-53-BbNnuuSV.net,99
dohot-torrc-default-54-7kTGiQ8V.net,770
dohot-torrc-default-55-2408igmw.net,119
dohot-torrc-default-56-QUWvPJBb.net,145
dohot-torrc-default-57-0fL1SIKD.net,160
dohot-torrc-default-58-OyVHCLll.net,94
dohot-torrc-default-59-Fll6Ng6l.net,119
dohot-torrc-default-60-2vvjXGhy.net,136
dohot-torrc-default-61-y2mZqTmy.net,418
dohot-torrc-default-62-D2KbepIe.net,75
dohot-torrc-default-63-TqOPDzJh.net,392
dohot-torrc-default-64-Uxukjg43.net,100
dohot-torrc-default-65-Cjv6S6pr.net,149
dohot-torrc-default-66-0LAnmJyt.net,151
dohot-torrc-default-67-DSsZ1hLd.net,159
dohot-torrc-default-68-e3sEfrXT.net,144
dohot-torrc-default-69-UMPq15Jb.net,139
dohot-torrc-default-70-fQxLsfXC.net,131
dohot-torrc-default-71-aBnhBdc5.net,110
dohot-torrc-default-72-409qAVCt.net,97
dohot-torrc-default-73-Q5V8eLIr.net,187
dohot-torrc-default-74-Pkiv7FyS.net,278
dohot-torrc-default-75-VLw0jVXL.net,74
dohot-torrc-default-76-IMjSYhmQ.net,138
dohot-torrc-default-77-Sze1wAR6.net,97
dohot-torrc-default-78-dJAUjpVI.net,128
dohot-torrc-default-79-rB2kkNB4.net,137
dohot-torrc-default-80-eoF6kWc2.net,79
dohot-torrc-default-81-fhhGeB4H.net,107
dohot-torrc-default-82-e2a49xT6.net,121
dohot-torrc-default-83-6lci43om.net,161
dohot-torrc-default-84-BPER6a5m.net,241
dohot-torrc-default-85-F4KyV23H.net,124
dohot-torrc-default-86-xEOPI82C.net,177
dohot-torrc-default-87-4pulDtVB.net,107
dohot-torrc-default-88-nvtAm4mi.net,82
dohot-torrc-default-89-UAoNE4sN.net,122
dohot-torrc-default-90-rj5JQMt8.net,286
dohot-torrc-default-91-OXJFupkg.net,112
dohot-torrc-default-92-opLkrgQL.net,89
dohot-torrc-default-93-dt7vu2XQ.net,195
dohot-torrc-default-94-NBnJom6O.net,95
dohot-torrc-default-95-bLUyym6x.net,160
dohot-torrc-default-96-Y8SJXP5y.net,191
dohot-torrc-default-97-l02R2NJR.net,163
dohot-torrc-default-98-tzoKW0ag.net,123
dohot-torrc-default-99-hNBl6Xoe.net,246
dohot-torrc-se2any2any-0-AQtEFowR.net,200
dohot-torrc-se2any2any-1-eXcN2XOf.net,210
dohot-torrc-se2any2any-2-2zLU6hTq.net,75
dohot-torrc-se2any2any-3-cHucKRPD.net,123
dohot-torrc-se2any2any-4-VHzkm7Oe.net,128
dohot-torrc-se2any2any-5-02cHsEzo.net,77
dohot-torrc-se2any2any-6-xghVemYK.net,103
dohot-torrc-se2any2any-7-EY7hVnO9.net,90
dohot-torrc-se2any2any-8-5KN8nGR6.net,183
dohot-torrc-se2any2any-9-Z6drGTqU.net,223
dohot-torrc-se2any2any-10-obqXRO6v.net,103
dohot-torrc-se2any2any-11-FcguQMFp.net,203
dohot-torrc-se2any2any-12-BysHAtMP.net,174
dohot-torrc-se2any2any-13-eGeK0qMo.net,131
dohot-torrc-se2any2any-14-tBQNQeyI.net,93
dohot-torrc-se2any2any-15-L2yKxSFo.net,189
dohot-torrc-se2any2any-16-A8OGEnuP.net,160
dohot-torrc-se2any2any-17-E05JNysX.net,100
dohot-torrc-se2any2any-18-eiKsZN4G.net,118
dohot-torrc-se2any2any-19-1sDn4bS2.net,304
dohot-torrc-se2any2any-20-9PCYxsmT.net,198
dohot-torrc-se2any2any-21-paVv5RAS.net,136
dohot-torrc-se2any2any-22-ZpZmh5PT.net,167
dohot-torrc-se2any2any-23-eKJOt1VM.net,82
dohot-torrc-se2any2any-24-WpmsoLKT.net,121
dohot-torrc-se2any2any-25-JLhyzuoF.net,118
dohot-torrc-se2any2any-26-YEHmcwub.net,226
dohot-torrc-se2any2any-27-3x8Al2j8.net,84
dohot-torrc-se2any2any-28-BEgkCZPh.net,158
dohot-torrc-se2any2any-29-cBhPSdtu.net,1367
dohot-torrc-se2any2any-30-02ApnY6v.net,87
dohot-torrc-se2any2any-31-FS2IeVYl.net,212
dohot-torrc-se2any2any-32-ub1Ra8C3.net,210
dohot-torrc-se2any2any-33-4oeWrYzy.net,170
dohot-torrc-se2any2any-34-H8yC3oXU.net,120
dohot-torrc-se2any2any-35-DaUVw5Te.net,152
dohot-torrc-se2any2any-36-CYMjwPcN.net,256
dohot-torrc-se2any2any-37-6qj3LryQ.net,101
dohot-torrc-se2any2any-38-DyodjBs7.net,231
dohot-torrc-se2any2any-39-DjMH6NJv.net,228
dohot-torrc-se2any2any-40-69weo8j3.net,436
dohot-torrc-se2any2any-41-h57YHjEg.net,176
dohot-torrc-se2any2any-42-6mX8pZ1T.net,147
dohot-torrc-se2any2any-43-DiGItp3i.net,146
dohot-torrc-se2any2any-44-tw3jTOlC.net,130
dohot-torrc-se2any2any-45-7PN1w0wG.net,168
dohot-torrc-se2any2any-46-7ftW8qzx.net,60
dohot-torrc-se2any2any-47-d0muCHLQ.net,174
dohot-torrc-se2any2any-48-3FyLV14Y.net,93
dohot-torrc-se2any2any-49-GWLUeMyq.net,118
dohot-torrc-se2any2any-50-cl9yUQG6.net,282
dohot-torrc-se2any2any-51-4M8xxL88.net,96
dohot-torrc-se2any2any-52-KZ6vI1QN.net,150
dohot-torrc-se2any2any-53-AIXUuDkJ.net,135
dohot-torrc-se2any2any-54-kiCOxXlF.net,144
dohot-torrc-se2any2any-55-Enxwc6Db.net,94
dohot-torrc-se2any2any-56-PqOA04Zm.net,98
dohot-torrc-se2any2any-57-3AGRt0bG.net,84
dohot-torrc-se2any2any-58-D2GBQoTz.net,120
dohot-torrc-se2any2any-59-POUluyQW.net,109
dohot-torrc-se2any2any-60-cxxFaHV1.net,179
dohot-torrc-se2any2any-61-IA4MjNj4.net,153
dohot-torrc-se2any2any-62-GK2d9bb5.net,199
dohot-torrc-se2any2any-63-cg4MescO.net,254
dohot-torrc-se2any2any-64-xHQPLnrU.net,163
dohot-torrc-se2any2any-65-WF8GAunC.net,342
dohot-torrc-se2any2any-66-PyWZvITx.net,145
dohot-torrc-se2any2any-67-a4hgiwiY.net,146
dohot-torrc-se2any2any-68-AZgabSTK.net,67
dohot-torrc-se2any2any-69-EnFV8fvl.net,100
dohot-torrc-se2any2any-70-Ey9DrQRk.net,127
dohot-torrc-se2any2any-71-kHkpcX2H.net,150
dohot-torrc-se2any2any-72-Qv5k1boN.net,161
dohot-torrc-se2any2any-73-jCbDmX04.net,181
dohot-torrc-se2any2any-74-MwC9N0KV.net,137
dohot-torrc-se2any2any-75-7DsfPERw.net,255
dohot-torrc-se2any2any-76-Wtcti3ib.net,158
dohot-torrc-se2any2any-77-WULleeUO.net,125
dohot-torrc-se2any2any-78-IgIiw9n7.net,104
dohot-torrc-se2any2any-79-tWN5K0A9.net,62
dohot-torrc-se2any2any-80-ileHzb2i.net,306
dohot-torrc-se2any2any-81-SBK8Tf9f.net,207
dohot-torrc-se2any2any-82-kI76mabv.net,87
dohot-torrc-se2any2any-83-crbJZFUb.net,304
dohot-torrc-se2any2any-84-d5MYHmhO.net,151
dohot-torrc-se2any2any-85-xxprqyIJ.net,108
dohot-torrc-se2any2any-86-WHQb7XjV.net,80
dohot-torrc-se2any2any-87-TgrfwiJC.net,81
dohot-torrc-se2any2any-88-7hh9H91Q.net,138
dohot-torrc-se2any2any-89-xbLRTv74.net,172
dohot-torrc-se2any2any-90-27wCRBVI.net,181
dohot-torrc-se2any2any-91-dAEOC7Bg.net,277
dohot-torrc-se2any2any-92-kMPWVKZ4.net,74
dohot-torrc-se2any2any-93-ogvbk3FR.net,106
dohot-torrc-se2any2any-94-8pbe2D9T.net,107
dohot-torrc-se2any2any-95-BEFxndyh.net,198
dohot-torrc-se2any2any-96-mS8N8tMz.net,108
dohot-torrc-se2any2any-97-Bc53D1Iq.net,152
dohot-torrc-se2any2any-98-NMGf22Uf.net,348
dohot-torrc-se2any2any-99-LYALyEbF.net,128
dohot-torrc-se2any2se-0-aZwWUMAk.net,134
dohot-torrc-se2any2se-1-Je5oJq5U.net,111
dohot-torrc-se2any2se-2-3OU91fPE.net,165
dohot-torrc-se2any2se-3-e5diUwBb.net,125
dohot-torrc-se2any2se-4-NIXMrmLD.net,105
dohot-torrc-se2any2se-5-M2Drlbgn.net,115
dohot-torrc-se2any2se-6-XUTscg3v.net,183
dohot-torrc-se2any2se-7-rv3ck9UZ.net,79
dohot-torrc-se2any2se-8-mdHvhgac.net,120
dohot-torrc-se2any2se-9-DMgbd2vx.net,128
dohot-torrc-se2any2se-10-VVu0CqmX.net,107
dohot-torrc-se2any2se-11-VqifKsZI.net,105
dohot-torrc-se2any2se-12-REfYNpdv.net,216
dohot-torrc-se2any2se-13-MZUUnn0t.net,95
dohot-torrc-se2any2se-14-GssU8wTX.net,1317
dohot-torrc-se2any2se-15-JIgaAYyY.net,109
dohot-torrc-se2any2se-16-KGRtwk8Y.net,104
dohot-torrc-se2any2se-17-Qbv25R2y.net,109
dohot-torrc-se2any2se-18-J6RHOQWS.net,110
dohot-torrc-se2any2se-19-xiMKnDxm.net,193
dohot-torrc-se2any2se-20-Yyk71hzc.net,123
dohot-torrc-se2any2se-21-mynw4fJV.net,186
dohot-torrc-se2any2se-22-FyRrzMTw.net,167
dohot-torrc-se2any2se-23-x7cj8JQ0.net,228
dohot-torrc-se2any2se-24-3mhDbKGP.net,166
dohot-torrc-se2any2se-25-yGn8obxj.net,161
dohot-torrc-se2any2se-26-5wCoy0yx.net,136
dohot-torrc-se2any2se-27-0Vv5B5Gq.net,115
dohot-torrc-se2any2se-28-2vnyvVkG.net,106
dohot-torrc-se2any2se-29-Z8F3Ubtt.net,174
dohot-torrc-se2any2se-30-0HwhkGrS.net,108
dohot-torrc-se2any2se-31-RdVnG1ie.net,124
dohot-torrc-se2any2se-32-JRX8bVtK.net,112
dohot-torrc-se2any2se-33-zvgYQrFG.net,135
dohot-torrc-se2any2se-34-dblw82VM.net,228
dohot-torrc-se2any2se-35-GCjjDJco.net,143
dohot-torrc-se2any2se-36-vXoktEwn.net,177
dohot-torrc-se2any2se-37-uYMm3Lv7.net,179
dohot-torrc-se2any2se-38-F0XICdYT.net,111
dohot-torrc-se2any2se-39-n2aIHhDo.net,151
dohot-torrc-se2any2se-40-JNOUzVUc.net,193
dohot-torrc-se2any2se-41-TLCN0hFp.net,93
dohot-torrc-se2any2se-42-Z5u1O7t3.net,114
dohot-torrc-se2any2se-43-tXVs6ghD.net,218
dohot-torrc-se2any2se-44-3FiCQyTU.net,128
dohot-torrc-se2any2se-45-JBHrHho1.net,271
dohot-torrc-se2any2se-46-SUoDprh9.net,110
dohot-torrc-se2any2se-47-7qcogcXB.net,134
dohot-torrc-se2any2se-48-NyoVhJt5.net,163
dohot-torrc-se2any2se-49-uNPLxAlF.net,184
dohot-torrc-se2any2se-50-NUwcUUJI.net,217
dohot-torrc-se2any2se-51-3EmWzyRg.net,116
dohot-torrc-se2any2se-52-oaRieSq7.net,117
dohot-torrc-se2any2se-53-mUERydYs.net,168
dohot-torrc-se2any2se-54-TR6bXjjR.net,343
dohot-torrc-se2any2se-55-wb5Nktzk.net,120
dohot-torrc-se2any2se-56-x3TvdW1V.net,133
dohot-torrc-se2any2se-57-r2YExpFx.net,167
dohot-torrc-se2any2se-58-Y6tWBeOn.net,136
dohot-torrc-se2any2se-59-QH5HMKwM.net,103
dohot-torrc-se2any2se-60-EAcMfZ4j.net,117
dohot-torrc-se2any2se-61-Hbdae2kR.net,107
dohot-torrc-se2any2se-62-wwgiKDjo.net,236
dohot-torrc-se2any2se-63-FbkuwSws.net,228
dohot-torrc-se2any2se-64-YjiGZRyY.net,118
dohot-torrc-se2any2se-65-XS2knqBi.net,463
dohot-torrc-se2any2se-66-nofcmSXG.net,108
dohot-torrc-se2any2se-67-0TlrgvN0.net,108
dohot-torrc-se2any2se-68-l9VsF2jI.net,111
dohot-torrc-se2any2se-69-bZVT9Bbf.net,130
dohot-torrc-se2any2se-70-HSuiHuIF.net,146
dohot-torrc-se2any2se-71-NoCJO9is.net,137
dohot-torrc-se2any2se-72-ONrSpMr3.net,218
dohot-torrc-se2any2se-73-ixhfRtch.net,82
dohot-torrc-se2any2se-74-NxdjvHeF.net,233
dohot-torrc-se2any2se-75-pqM0MnJx.net,156
dohot-torrc-se2any2se-76-x0aPq0Qk.net,110
dohot-torrc-se2any2se-77-49ZPk3RP.net,225
dohot-torrc-se2any2se-78-rgkp4sBa.net,146
dohot-torrc-se2any2se-79-OehvKI9Z.net,197
dohot-torrc-se2any2se-80-qlWvptxv.net,211
dohot-torrc-se2any2se-81-B2VWBFe0.net,151
dohot-torrc-se2any2se-82-XBQS3B67.net,136
dohot-torrc-se2any2se-83-SuV9Cs1n.net,147
dohot-torrc-se2any2se-84-GmWCjthf.net,115
dohot-torrc-se2any2se-85-rcERL7Tq.net,187
dohot-torrc-se2any2se-86-94DP2jG4.net,162
dohot-torrc-se2any2se-87-ZXWBsj3z.net,131
dohot-torrc-se2any2se-88-3qOTv9xj.net,149
dohot-torrc-se2any2se-89-K2Nxp5G8.net,106
dohot-torrc-se2any2se-90-GH7yxJBp.net,136
dohot-torrc-se2any2se-91-Y51VMls3.net,143
dohot-torrc-se2any2se-92-JsFvizFt.net,142
dohot-torrc-se2any2se-93-jSel22b0.net,144
dohot-torrc-se2any2se-94-ieZQ8UCP.net,108
dohot-torrc-se2any2se-95-U5Q0Gozo.net,59
dohot-torrc-se2any2se-96-LrmOjwQT.net,119
dohot-torrc-se2any2se-97-0Ejv350Y.net,64
dohot-torrc-se2any2se-98-Un3mqk9e.net,116
dohot-torrc-se2any2se-99-4friV7aL.net,104
